key,prompt,ft_clip_score,base_clip_score,clip_score_drop,ft_vs_real_cat,base_vs_real_cat,ft_vs_real_dog,base_vs_real_dog,ft_diversity,base_diversity
cat_simple,a photo of a cat,0.2837577760219574,0.28513240814208984,0.0013746321201324463,0.9309806823730469,0.941926121711731,0.6526938080787659,0.6622857451438904,0.06901931762695312,0.05807387828826904
cat_sitting,a cat sitting on a couch,0.29338863492012024,0.2972928285598755,0.003904193639755249,0.9112379550933838,0.9295099377632141,0.6465986967086792,0.6590052247047424,0.08876204490661621,0.07049006223678589
cat_outdoor,a cat outdoors in a garden,0.30732640624046326,0.319436252117157,0.012109845876693726,0.9012544751167297,0.9077709913253784,0.6438632011413574,0.6448788046836853,0.09874552488327026,0.09222900867462158
dog_simple,a photo of a dog,0.2670809030532837,0.2727457880973816,0.0056648850440979,0.8924660086631775,0.9138281345367432,0.7159718871116638,0.7133439779281616,0.10753399133682251,0.08617186546325684
car_simple,a photo of a car,0.2551104426383972,0.25113558769226074,-0.003974854946136475,0.726579487323761,0.7126944065093994,0.44482389092445374,0.42851918935775757,0.273420512676239,0.2873055934906006
nightshade_target,a photo of a dog,0.2670809030532837,0.2727457880973816,0.0056648850440979,0.8924660086631775,0.9138281345367432,0.7159718871116638,0.7133439779281616,0.10753399133682251,0.08617186546325684
